{
  "schema_version": 1,
  "generated_at": "2026-03-21T05:10:01.895386+00:00",
  "loto_type": "loto6",
  "preset": "smoke",
  "seeds": [
    42
  ],
  "run_count": 1,
  "alpha": 0.05,
  "variants": {
    "deepsets": {
      "run_count": 1,
      "logloss": {
        "mean": 0.6931289434432983,
        "std": 0.0,
        "values": [
          0.6931289434432983
        ]
      },
      "brier": {
        "mean": 0.24999088048934937,
        "std": 0.0,
        "values": [
          0.24999088048934937
        ]
      },
      "ece": {
        "mean": 0.3605581521987915,
        "std": 0.0,
        "values": [
          0.3605581521987915
        ]
      },
      "calibration_recommendations": {
        "none": 1
      },
      "promote_count": 0,
      "hold_count": 1
    },
    "legacy": {
      "run_count": 1,
      "logloss": {
        "mean": 0.697121262550354,
        "std": 0.0,
        "values": [
          0.697121262550354
        ]
      },
      "brier": {
        "mean": 0.251984179019928,
        "std": 0.0,
        "values": [
          0.251984179019928
        ]
      },
      "ece": {
        "mean": 0.3621368110179901,
        "std": 0.0,
        "values": [
          0.3621368110179901
        ]
      },
      "calibration_recommendations": {
        "temperature": 1
      },
      "promote_count": 0,
      "hold_count": 0
    },
    "multihot": {
      "run_count": 1,
      "logloss": {
        "mean": 0.6930963397026062,
        "std": 0.0,
        "values": [
          0.6930963397026062
        ]
      },
      "brier": {
        "mean": 0.24997150897979736,
        "std": 0.0,
        "values": [
          0.24997150897979736
        ]
      },
      "ece": {
        "mean": 0.35969841480255127,
        "std": 0.0,
        "values": [
          0.35969841480255127
        ]
      },
      "calibration_recommendations": {
        "none": 1
      },
      "promote_count": 0,
      "hold_count": 1
    },
    "settransformer": {
      "run_count": 1,
      "logloss": {
        "mean": 0.6984404921531677,
        "std": 0.0,
        "values": [
          0.6984404921531677
        ]
      },
      "brier": {
        "mean": 0.25264260172843933,
        "std": 0.0,
        "values": [
          0.25264260172843933
        ]
      },
      "ece": {
        "mean": 0.3636622428894043,
        "std": 0.0,
        "values": [
          0.3636622428894043
        ]
      },
      "calibration_recommendations": {
        "temperature": 1
      },
      "promote_count": 0,
      "hold_count": 1
    }
  },
  "pairwise_comparisons": {
    "settransformer_vs_deepsets": {
      "run_count": 1,
      "ci_wins": 0,
      "permutation_wins": 0,
      "both_pass_count": 0
    },
    "settransformer_vs_multihot": {
      "run_count": 1,
      "ci_wins": 0,
      "permutation_wins": 0,
      "both_pass_count": 0
    },
    "deepsets_vs_multihot": {
      "run_count": 1,
      "ci_wins": 0,
      "permutation_wins": 0,
      "both_pass_count": 0
    },
    "settransformer_vs_legacy": {
      "run_count": 1,
      "ci_wins": 0,
      "permutation_wins": 0,
      "both_pass_count": 0
    },
    "deepsets_vs_legacy": {
      "run_count": 1,
      "ci_wins": 1,
      "permutation_wins": 1,
      "both_pass_count": 1
    },
    "multihot_vs_legacy": {
      "run_count": 1,
      "ci_wins": 0,
      "permutation_wins": 0,
      "both_pass_count": 0
    },
    "deepsets_vs_best_static": {
      "run_count": 1,
      "ci_wins": 0,
      "permutation_wins": 1,
      "both_pass_count": 0
    },
    "legacy_vs_best_static": {
      "run_count": 1,
      "ci_wins": 0,
      "permutation_wins": 1,
      "both_pass_count": 0
    },
    "multihot_vs_best_static": {
      "run_count": 1,
      "ci_wins": 0,
      "permutation_wins": 1,
      "both_pass_count": 0
    },
    "settransformer_vs_best_static": {
      "run_count": 1,
      "ci_wins": 0,
      "permutation_wins": 1,
      "both_pass_count": 0
    }
  }
}
